<?xml version="1.0" encoding="UTF-8"?>
<Map_Export>
    <Map_Values>
        <NoOfTextures>8</NoOfTextures>
        <TotalTiles>100</TotalTiles>
        <RowSize>10</RowSize>
        <ColSize>10</ColSize>
        <Texture0>floor</Texture0>
        <Texture1>floor1</Texture1>
        <Texture2>wall</Texture2>
        <Texture3>wall1</Texture3>
        <Texture4>empty</Texture4>
        <Texture5>playerNode</Texture5>
        <Texture6>NPCNode</Texture6>
        <Texture7>WoodFloor</Texture7>
    </Map_Values>
    <Tiles>
        <Tile0>
            <IndexX>0</IndexX>
            <IndexY>0</IndexY>
            <PositionX>0</PositionX>
            <PositionY>0</PositionY>
            <Image>wall</Image>
            <Type>Wall</Type>
        </Tile0>
        <Tile1>
            <IndexX>1</IndexX>
            <IndexY>0</IndexY>
            <PositionX>50</PositionX>
            <PositionY>0</PositionY>
            <Image>wall</Image>
            <Type>Wall</Type>
        </Tile1>
        <Tile2>
            <IndexX>2</IndexX>
            <IndexY>0</IndexY>
            <PositionX>100</PositionX>
            <PositionY>0</PositionY>
            <Image>wall</Image>
            <Type>Wall</Type>
        </Tile2>
        <Tile3>
            <IndexX>3</IndexX>
            <IndexY>0</IndexY>
            <PositionX>150</PositionX>
            <PositionY>0</PositionY>
            <Image>wall</Image>
            <Type>Wall</Type>
        </Tile3>
        <Tile4>
            <IndexX>4</IndexX>
            <IndexY>0</IndexY>
            <PositionX>200</PositionX>
            <PositionY>0</PositionY>
            <Image>wall</Image>
            <Type>Wall</Type>
        </Tile4>
        <Tile5>
            <IndexX>5</IndexX>
            <IndexY>0</IndexY>
            <PositionX>250</PositionX>
            <PositionY>0</PositionY>
            <Image>wall</Image>
            <Type>Wall</Type>
        </Tile5>
        <Tile6>
            <IndexX>6</IndexX>
            <IndexY>0</IndexY>
            <PositionX>300</PositionX>
            <PositionY>0</PositionY>
            <Image>wall</Image>
            <Type>Wall</Type>
        </Tile6>
        <Tile7>
            <IndexX>7</IndexX>
            <IndexY>0</IndexY>
            <PositionX>350</PositionX>
            <PositionY>0</PositionY>
            <Image>wall</Image>
            <Type>Wall</Type>
        </Tile7>
        <Tile8>
            <IndexX>8</IndexX>
            <IndexY>0</IndexY>
            <PositionX>400</PositionX>
            <PositionY>0</PositionY>
            <Image>wall</Image>
            <Type>Wall</Type>
        </Tile8>
        <Tile9>
            <IndexX>9</IndexX>
            <IndexY>0</IndexY>
            <PositionX>450</PositionX>
            <PositionY>0</PositionY>
            <Image>wall</Image>
            <Type>Wall</Type>
        </Tile9>
        <Tile10>
            <IndexX>0</IndexX>
            <IndexY>1</IndexY>
            <PositionX>0</PositionX>
            <PositionY>50</PositionY>
            <Image>wall</Image>
            <Type>Wall</Type>
        </Tile10>
        <Tile11>
            <IndexX>1</IndexX>
            <IndexY>1</IndexY>
            <PositionX>50</PositionX>
            <PositionY>50</PositionY>
            <Image>WoodFloor</Image>
            <Type>Floor</Type>
        </Tile11>
        <Tile12>
            <IndexX>2</IndexX>
            <IndexY>1</IndexY>
            <PositionX>100</PositionX>
            <PositionY>50</PositionY>
            <Image>WoodFloor</Image>
            <Type>Floor</Type>
        </Tile12>
        <Tile13>
            <IndexX>3</IndexX>
            <IndexY>1</IndexY>
            <PositionX>150</PositionX>
            <PositionY>50</PositionY>
            <Image>WoodFloor</Image>
            <Type>Floor</Type>
        </Tile13>
        <Tile14>
            <IndexX>4</IndexX>
            <IndexY>1</IndexY>
            <PositionX>200</PositionX>
            <PositionY>50</PositionY>
            <Image>wall1</Image>
            <Type>Wall</Type>
        </Tile14>
        <Tile15>
            <IndexX>5</IndexX>
            <IndexY>1</IndexY>
            <PositionX>250</PositionX>
            <PositionY>50</PositionY>
            <Image>WoodFloor</Image>
            <Type>Floor</Type>
        </Tile15>
        <Tile16>
            <IndexX>6</IndexX>
            <IndexY>1</IndexY>
            <PositionX>300</PositionX>
            <PositionY>50</PositionY>
            <Image>WoodFloor</Image>
            <Type>Floor</Type>
        </Tile16>
        <Tile17>
            <IndexX>7</IndexX>
            <IndexY>1</IndexY>
            <PositionX>350</PositionX>
            <PositionY>50</PositionY>
            <Image>WoodFloor</Image>
            <Type>Floor</Type>
        </Tile17>
        <Tile18>
            <IndexX>8</IndexX>
            <IndexY>1</IndexY>
            <PositionX>400</PositionX>
            <PositionY>50</PositionY>
            <Image>WoodFloor</Image>
            <Type>Floor</Type>
        </Tile18>
        <Tile19>
            <IndexX>9</IndexX>
            <IndexY>1</IndexY>
            <PositionX>450</PositionX>
            <PositionY>50</PositionY>
            <Image>wall</Image>
            <Type>Wall</Type>
        </Tile19>
        <Tile20>
            <IndexX>0</IndexX>
            <IndexY>2</IndexY>
            <PositionX>0</PositionX>
            <PositionY>100</PositionY>
            <Image>wall</Image>
            <Type>Wall</Type>
        </Tile20>
        <Tile21>
            <IndexX>1</IndexX>
            <IndexY>2</IndexY>
            <PositionX>50</PositionX>
            <PositionY>100</PositionY>
            <Image>WoodFloor</Image>
            <Type>Floor</Type>
        </Tile21>
        <Tile22>
            <IndexX>2</IndexX>
            <IndexY>2</IndexY>
            <PositionX>100</PositionX>
            <PositionY>100</PositionY>
            <Image>WoodFloor</Image>
            <Type>Floor</Type>
        </Tile22>
        <Tile23>
            <IndexX>3</IndexX>
            <IndexY>2</IndexY>
            <PositionX>150</PositionX>
            <PositionY>100</PositionY>
            <Image>WoodFloor</Image>
            <Type>Floor</Type>
        </Tile23>
        <Tile24>
            <IndexX>4</IndexX>
            <IndexY>2</IndexY>
            <PositionX>200</PositionX>
            <PositionY>100</PositionY>
            <Image>wall1</Image>
            <Type>Wall</Type>
        </Tile24>
        <Tile25>
            <IndexX>5</IndexX>
            <IndexY>2</IndexY>
            <PositionX>250</PositionX>
            <PositionY>100</PositionY>
            <Image>WoodFloor</Image>
            <Type>Floor</Type>
        </Tile25>
        <Tile26>
            <IndexX>6</IndexX>
            <IndexY>2</IndexY>
            <PositionX>300</PositionX>
            <PositionY>100</PositionY>
            <Image>WoodFloor</Image>
            <Type>Floor</Type>
        </Tile26>
        <Tile27>
            <IndexX>7</IndexX>
            <IndexY>2</IndexY>
            <PositionX>350</PositionX>
            <PositionY>100</PositionY>
            <Image>WoodFloor</Image>
            <Type>Floor</Type>
        </Tile27>
        <Tile28>
            <IndexX>8</IndexX>
            <IndexY>2</IndexY>
            <PositionX>400</PositionX>
            <PositionY>100</PositionY>
            <Image>WoodFloor</Image>
            <Type>Floor</Type>
        </Tile28>
        <Tile29>
            <IndexX>9</IndexX>
            <IndexY>2</IndexY>
            <PositionX>450</PositionX>
            <PositionY>100</PositionY>
            <Image>wall</Image>
            <Type>Wall</Type>
        </Tile29>
        <Tile30>
            <IndexX>0</IndexX>
            <IndexY>3</IndexY>
            <PositionX>0</PositionX>
            <PositionY>150</PositionY>
            <Image>wall</Image>
            <Type>Wall</Type>
        </Tile30>
        <Tile31>
            <IndexX>1</IndexX>
            <IndexY>3</IndexY>
            <PositionX>50</PositionX>
            <PositionY>150</PositionY>
            <Image>WoodFloor</Image>
            <Type>Floor</Type>
        </Tile31>
        <Tile32>
            <IndexX>2</IndexX>
            <IndexY>3</IndexY>
            <PositionX>100</PositionX>
            <PositionY>150</PositionY>
            <Image>WoodFloor</Image>
            <Type>Floor</Type>
        </Tile32>
        <Tile33>
            <IndexX>3</IndexX>
            <IndexY>3</IndexY>
            <PositionX>150</PositionX>
            <PositionY>150</PositionY>
            <Image>WoodFloor</Image>
            <Type>Floor</Type>
        </Tile33>
        <Tile34>
            <IndexX>4</IndexX>
            <IndexY>3</IndexY>
            <PositionX>200</PositionX>
            <PositionY>150</PositionY>
            <Image>wall1</Image>
            <Type>Wall</Type>
        </Tile34>
        <Tile35>
            <IndexX>5</IndexX>
            <IndexY>3</IndexY>
            <PositionX>250</PositionX>
            <PositionY>150</PositionY>
            <Image>WoodFloor</Image>
            <Type>Floor</Type>
        </Tile35>
        <Tile36>
            <IndexX>6</IndexX>
            <IndexY>3</IndexY>
            <PositionX>300</PositionX>
            <PositionY>150</PositionY>
            <Image>WoodFloor</Image>
            <Type>Floor</Type>
        </Tile36>
        <Tile37>
            <IndexX>7</IndexX>
            <IndexY>3</IndexY>
            <PositionX>350</PositionX>
            <PositionY>150</PositionY>
            <Image>WoodFloor</Image>
            <Type>Floor</Type>
        </Tile37>
        <Tile38>
            <IndexX>8</IndexX>
            <IndexY>3</IndexY>
            <PositionX>400</PositionX>
            <PositionY>150</PositionY>
            <Image>WoodFloor</Image>
            <Type>Floor</Type>
        </Tile38>
        <Tile39>
            <IndexX>9</IndexX>
            <IndexY>3</IndexY>
            <PositionX>450</PositionX>
            <PositionY>150</PositionY>
            <Image>wall</Image>
            <Type>Wall</Type>
        </Tile39>
        <Tile40>
            <IndexX>0</IndexX>
            <IndexY>4</IndexY>
            <PositionX>0</PositionX>
            <PositionY>200</PositionY>
            <Image>wall</Image>
            <Type>Wall</Type>
        </Tile40>
        <Tile41>
            <IndexX>1</IndexX>
            <IndexY>4</IndexY>
            <PositionX>50</PositionX>
            <PositionY>200</PositionY>
            <Image>WoodFloor</Image>
            <Type>Floor</Type>
        </Tile41>
        <Tile42>
            <IndexX>2</IndexX>
            <IndexY>4</IndexY>
            <PositionX>100</PositionX>
            <PositionY>200</PositionY>
            <Image>WoodFloor</Image>
            <Type>Floor</Type>
        </Tile42>
        <Tile43>
            <IndexX>3</IndexX>
            <IndexY>4</IndexY>
            <PositionX>150</PositionX>
            <PositionY>200</PositionY>
            <Image>WoodFloor</Image>
            <Type>Floor</Type>
        </Tile43>
        <Tile44>
            <IndexX>4</IndexX>
            <IndexY>4</IndexY>
            <PositionX>200</PositionX>
            <PositionY>200</PositionY>
            <Image>WoodFloor</Image>
            <Type>Floor</Type>
        </Tile44>
        <Tile45>
            <IndexX>5</IndexX>
            <IndexY>4</IndexY>
            <PositionX>250</PositionX>
            <PositionY>200</PositionY>
            <Image>WoodFloor</Image>
            <Type>Floor</Type>
        </Tile45>
        <Tile46>
            <IndexX>6</IndexX>
            <IndexY>4</IndexY>
            <PositionX>300</PositionX>
            <PositionY>200</PositionY>
            <Image>WoodFloor</Image>
            <Type>Floor</Type>
        </Tile46>
        <Tile47>
            <IndexX>7</IndexX>
            <IndexY>4</IndexY>
            <PositionX>350</PositionX>
            <PositionY>200</PositionY>
            <Image>WoodFloor</Image>
            <Type>Floor</Type>
        </Tile47>
        <Tile48>
            <IndexX>8</IndexX>
            <IndexY>4</IndexY>
            <PositionX>400</PositionX>
            <PositionY>200</PositionY>
            <Image>WoodFloor</Image>
            <Type>Floor</Type>
        </Tile48>
        <Tile49>
            <IndexX>9</IndexX>
            <IndexY>4</IndexY>
            <PositionX>450</PositionX>
            <PositionY>200</PositionY>
            <Image>wall</Image>
            <Type>Wall</Type>
        </Tile49>
        <Tile50>
            <IndexX>0</IndexX>
            <IndexY>5</IndexY>
            <PositionX>0</PositionX>
            <PositionY>250</PositionY>
            <Image>wall</Image>
            <Type>Wall</Type>
        </Tile50>
        <Tile51>
            <IndexX>1</IndexX>
            <IndexY>5</IndexY>
            <PositionX>50</PositionX>
            <PositionY>250</PositionY>
            <Image>WoodFloor</Image>
            <Type>Floor</Type>
        </Tile51>
        <Tile52>
            <IndexX>2</IndexX>
            <IndexY>5</IndexY>
            <PositionX>100</PositionX>
            <PositionY>250</PositionY>
            <Image>WoodFloor</Image>
            <Type>Floor</Type>
        </Tile52>
        <Tile53>
            <IndexX>3</IndexX>
            <IndexY>5</IndexY>
            <PositionX>150</PositionX>
            <PositionY>250</PositionY>
            <Image>WoodFloor</Image>
            <Type>Floor</Type>
        </Tile53>
        <Tile54>
            <IndexX>4</IndexX>
            <IndexY>5</IndexY>
            <PositionX>200</PositionX>
            <PositionY>250</PositionY>
            <Image>WoodFloor</Image>
            <Type>Floor</Type>
        </Tile54>
        <Tile55>
            <IndexX>5</IndexX>
            <IndexY>5</IndexY>
            <PositionX>250</PositionX>
            <PositionY>250</PositionY>
            <Image>WoodFloor</Image>
            <Type>Floor</Type>
        </Tile55>
        <Tile56>
            <IndexX>6</IndexX>
            <IndexY>5</IndexY>
            <PositionX>300</PositionX>
            <PositionY>250</PositionY>
            <Image>WoodFloor</Image>
            <Type>Floor</Type>
        </Tile56>
        <Tile57>
            <IndexX>7</IndexX>
            <IndexY>5</IndexY>
            <PositionX>350</PositionX>
            <PositionY>250</PositionY>
            <Image>WoodFloor</Image>
            <Type>Floor</Type>
        </Tile57>
        <Tile58>
            <IndexX>8</IndexX>
            <IndexY>5</IndexY>
            <PositionX>400</PositionX>
            <PositionY>250</PositionY>
            <Image>WoodFloor</Image>
            <Type>Floor</Type>
        </Tile58>
        <Tile59>
            <IndexX>9</IndexX>
            <IndexY>5</IndexY>
            <PositionX>450</PositionX>
            <PositionY>250</PositionY>
            <Image>wall</Image>
            <Type>Wall</Type>
        </Tile59>
        <Tile60>
            <IndexX>0</IndexX>
            <IndexY>6</IndexY>
            <PositionX>0</PositionX>
            <PositionY>300</PositionY>
            <Image>wall</Image>
            <Type>Wall</Type>
        </Tile60>
        <Tile61>
            <IndexX>1</IndexX>
            <IndexY>6</IndexY>
            <PositionX>50</PositionX>
            <PositionY>300</PositionY>
            <Image>WoodFloor</Image>
            <Type>Floor</Type>
        </Tile61>
        <Tile62>
            <IndexX>2</IndexX>
            <IndexY>6</IndexY>
            <PositionX>100</PositionX>
            <PositionY>300</PositionY>
            <Image>wall1</Image>
            <Type>Wall</Type>
        </Tile62>
        <Tile63>
            <IndexX>3</IndexX>
            <IndexY>6</IndexY>
            <PositionX>150</PositionX>
            <PositionY>300</PositionY>
            <Image>WoodFloor</Image>
            <Type>Floor</Type>
        </Tile63>
        <Tile64>
            <IndexX>4</IndexX>
            <IndexY>6</IndexY>
            <PositionX>200</PositionX>
            <PositionY>300</PositionY>
            <Image>WoodFloor</Image>
            <Type>Floor</Type>
        </Tile64>
        <Tile65>
            <IndexX>5</IndexX>
            <IndexY>6</IndexY>
            <PositionX>250</PositionX>
            <PositionY>300</PositionY>
            <Image>WoodFloor</Image>
            <Type>Floor</Type>
        </Tile65>
        <Tile66>
            <IndexX>6</IndexX>
            <IndexY>6</IndexY>
            <PositionX>300</PositionX>
            <PositionY>300</PositionY>
            <Image>wall1</Image>
            <Type>Wall</Type>
        </Tile66>
        <Tile67>
            <IndexX>7</IndexX>
            <IndexY>6</IndexY>
            <PositionX>350</PositionX>
            <PositionY>300</PositionY>
            <Image>WoodFloor</Image>
            <Type>Floor</Type>
        </Tile67>
        <Tile68>
            <IndexX>8</IndexX>
            <IndexY>6</IndexY>
            <PositionX>400</PositionX>
            <PositionY>300</PositionY>
            <Image>WoodFloor</Image>
            <Type>Floor</Type>
        </Tile68>
        <Tile69>
            <IndexX>9</IndexX>
            <IndexY>6</IndexY>
            <PositionX>450</PositionX>
            <PositionY>300</PositionY>
            <Image>wall</Image>
            <Type>Wall</Type>
        </Tile69>
        <Tile70>
            <IndexX>0</IndexX>
            <IndexY>7</IndexY>
            <PositionX>0</PositionX>
            <PositionY>350</PositionY>
            <Image>wall</Image>
            <Type>Wall</Type>
        </Tile70>
        <Tile71>
            <IndexX>1</IndexX>
            <IndexY>7</IndexY>
            <PositionX>50</PositionX>
            <PositionY>350</PositionY>
            <Image>WoodFloor</Image>
            <Type>Floor</Type>
        </Tile71>
        <Tile72>
            <IndexX>2</IndexX>
            <IndexY>7</IndexY>
            <PositionX>100</PositionX>
            <PositionY>350</PositionY>
            <Image>wall1</Image>
            <Type>Wall</Type>
        </Tile72>
        <Tile73>
            <IndexX>3</IndexX>
            <IndexY>7</IndexY>
            <PositionX>150</PositionX>
            <PositionY>350</PositionY>
            <Image>WoodFloor</Image>
            <Type>Floor</Type>
        </Tile73>
        <Tile74>
            <IndexX>4</IndexX>
            <IndexY>7</IndexY>
            <PositionX>200</PositionX>
            <PositionY>350</PositionY>
            <Image>WoodFloor</Image>
            <Type>Floor</Type>
        </Tile74>
        <Tile75>
            <IndexX>5</IndexX>
            <IndexY>7</IndexY>
            <PositionX>250</PositionX>
            <PositionY>350</PositionY>
            <Image>WoodFloor</Image>
            <Type>Floor</Type>
        </Tile75>
        <Tile76>
            <IndexX>6</IndexX>
            <IndexY>7</IndexY>
            <PositionX>300</PositionX>
            <PositionY>350</PositionY>
            <Image>wall1</Image>
            <Type>Wall</Type>
        </Tile76>
        <Tile77>
            <IndexX>7</IndexX>
            <IndexY>7</IndexY>
            <PositionX>350</PositionX>
            <PositionY>350</PositionY>
            <Image>WoodFloor</Image>
            <Type>Floor</Type>
        </Tile77>
        <Tile78>
            <IndexX>8</IndexX>
            <IndexY>7</IndexY>
            <PositionX>400</PositionX>
            <PositionY>350</PositionY>
            <Image>WoodFloor</Image>
            <Type>Floor</Type>
        </Tile78>
        <Tile79>
            <IndexX>9</IndexX>
            <IndexY>7</IndexY>
            <PositionX>450</PositionX>
            <PositionY>350</PositionY>
            <Image>wall</Image>
            <Type>Wall</Type>
        </Tile79>
        <Tile80>
            <IndexX>0</IndexX>
            <IndexY>8</IndexY>
            <PositionX>0</PositionX>
            <PositionY>400</PositionY>
            <Image>wall</Image>
            <Type>Wall</Type>
        </Tile80>
        <Tile81>
            <IndexX>1</IndexX>
            <IndexY>8</IndexY>
            <PositionX>50</PositionX>
            <PositionY>400</PositionY>
            <Image>WoodFloor</Image>
            <Type>Floor</Type>
        </Tile81>
        <Tile82>
            <IndexX>2</IndexX>
            <IndexY>8</IndexY>
            <PositionX>100</PositionX>
            <PositionY>400</PositionY>
            <Image>wall1</Image>
            <Type>Wall</Type>
        </Tile82>
        <Tile83>
            <IndexX>3</IndexX>
            <IndexY>8</IndexY>
            <PositionX>150</PositionX>
            <PositionY>400</PositionY>
            <Image>WoodFloor</Image>
            <Type>Floor</Type>
        </Tile83>
        <Tile84>
            <IndexX>4</IndexX>
            <IndexY>8</IndexY>
            <PositionX>200</PositionX>
            <PositionY>400</PositionY>
            <Image>WoodFloor</Image>
            <Type>Floor</Type>
        </Tile84>
        <Tile85>
            <IndexX>5</IndexX>
            <IndexY>8</IndexY>
            <PositionX>250</PositionX>
            <PositionY>400</PositionY>
            <Image>WoodFloor</Image>
            <Type>Floor</Type>
        </Tile85>
        <Tile86>
            <IndexX>6</IndexX>
            <IndexY>8</IndexY>
            <PositionX>300</PositionX>
            <PositionY>400</PositionY>
            <Image>wall1</Image>
            <Type>Wall</Type>
        </Tile86>
        <Tile87>
            <IndexX>7</IndexX>
            <IndexY>8</IndexY>
            <PositionX>350</PositionX>
            <PositionY>400</PositionY>
            <Image>WoodFloor</Image>
            <Type>Floor</Type>
        </Tile87>
        <Tile88>
            <IndexX>8</IndexX>
            <IndexY>8</IndexY>
            <PositionX>400</PositionX>
            <PositionY>400</PositionY>
            <Image>WoodFloor</Image>
            <Type>Floor</Type>
        </Tile88>
        <Tile89>
            <IndexX>9</IndexX>
            <IndexY>8</IndexY>
            <PositionX>450</PositionX>
            <PositionY>400</PositionY>
            <Image>wall</Image>
            <Type>Wall</Type>
        </Tile89>
        <Tile90>
            <IndexX>0</IndexX>
            <IndexY>9</IndexY>
            <PositionX>0</PositionX>
            <PositionY>450</PositionY>
            <Image>wall</Image>
            <Type>Wall</Type>
        </Tile90>
        <Tile91>
            <IndexX>1</IndexX>
            <IndexY>9</IndexY>
            <PositionX>50</PositionX>
            <PositionY>450</PositionY>
            <Image>wall</Image>
            <Type>Wall</Type>
        </Tile91>
        <Tile92>
            <IndexX>2</IndexX>
            <IndexY>9</IndexY>
            <PositionX>100</PositionX>
            <PositionY>450</PositionY>
            <Image>wall</Image>
            <Type>Wall</Type>
        </Tile92>
        <Tile93>
            <IndexX>3</IndexX>
            <IndexY>9</IndexY>
            <PositionX>150</PositionX>
            <PositionY>450</PositionY>
            <Image>wall</Image>
            <Type>Wall</Type>
        </Tile93>
        <Tile94>
            <IndexX>4</IndexX>
            <IndexY>9</IndexY>
            <PositionX>200</PositionX>
            <PositionY>450</PositionY>
            <Image>wall</Image>
            <Type>Wall</Type>
        </Tile94>
        <Tile95>
            <IndexX>5</IndexX>
            <IndexY>9</IndexY>
            <PositionX>250</PositionX>
            <PositionY>450</PositionY>
            <Image>wall</Image>
            <Type>Wall</Type>
        </Tile95>
        <Tile96>
            <IndexX>6</IndexX>
            <IndexY>9</IndexY>
            <PositionX>300</PositionX>
            <PositionY>450</PositionY>
            <Image>wall</Image>
            <Type>Wall</Type>
        </Tile96>
        <Tile97>
            <IndexX>7</IndexX>
            <IndexY>9</IndexY>
            <PositionX>350</PositionX>
            <PositionY>450</PositionY>
            <Image>wall</Image>
            <Type>Wall</Type>
        </Tile97>
        <Tile98>
            <IndexX>8</IndexX>
            <IndexY>9</IndexY>
            <PositionX>400</PositionX>
            <PositionY>450</PositionY>
            <Image>wall</Image>
            <Type>Wall</Type>
        </Tile98>
        <Tile99>
            <IndexX>9</IndexX>
            <IndexY>9</IndexY>
            <PositionX>450</PositionX>
            <PositionY>450</PositionY>
            <Image>wall</Image>
            <Type>Wall</Type>
        </Tile99>
    </Tiles>
    <Nodes>
        <Node0>
            <IndexX>2</IndexX>
            <IndexY>2</IndexY>
            <PositionX>100</PositionX>
            <PositionY>100</PositionY>
            <Image>NPCNode</Image>
            <Type>Node</Type>
        </Node0>
        <Node1>
            <IndexX>7</IndexX>
            <IndexY>2</IndexY>
            <PositionX>350</PositionX>
            <PositionY>100</PositionY>
            <Image>NPCNode</Image>
            <Type>Node</Type>
        </Node1>
        <Node2>
            <IndexX>7</IndexX>
            <IndexY>6</IndexY>
            <PositionX>350</PositionX>
            <PositionY>300</PositionY>
            <Image>playerNode</Image>
            <Type>Node</Type>
        </Node2>
        <Node3>
            <IndexX>4</IndexX>
            <IndexY>7</IndexY>
            <PositionX>200</PositionX>
            <PositionY>350</PositionY>
            <Image>NPCNode</Image>
            <Type>Node</Type>
        </Node3>
        <NoOfNodes>4</NoOfNodes>
    </Nodes>
</Map_Export>
